categoria,cantico_id,club_id,equipo_mencionado_fuente,titulo_referencia,fuente,url,posible_similar_a,observacion_revision
asociación con club,CAN0024,CLU003,América de Cali,Esta Hinchada No Te Deja de Alentar,FanChants,https://www.fanchants.com/es/football-songs/america-de-cali-chants/deportivo-cali-chant-10/,,La URL y la descripción histórica de FanChants mencionan Deportivo Cali; revisar asociación con América de Cali.
similitud,CAN0028,CLU004,Deportivo Pasto,La Banda Loca,Barrabrava.net,https://barrabrava.net/deportivo-pasto/la-banda-tricolor/letra/la-banda-loca/,CAN0046,"Similitud alta conservada: CAN0046 (secuencia=0.971, vocabulario=0.931, longitud=1.000)"
similitud,CAN0030,CLU004,Deportivo Pasto,Los Vendidos,Barrabrava.net,https://barrabrava.net/deportivo-pasto/la-banda-tricolor/letra/los-vendidos/,CAN0049,"Similitud alta conservada: CAN0049 (secuencia=0.880, vocabulario=0.891, longitud=0.923)"
similitud,CAN0031,CLU004,Deportivo Pasto,No Me Arrepiento,Barrabrava.net,https://barrabrava.net/deportivo-pasto/la-banda-tricolor/letra/no-me-arrepiento/,CAN0051,"Similitud alta conservada: CAN0051 (secuencia=0.905, vocabulario=0.829, longitud=0.976)"
similitud,CAN0036,CLU004,Deportivo Pasto,Tricolores,Barrabrava.net,https://barrabrava.net/deportivo-pasto/la-banda-tricolor/letra/tricolores/,CAN0055,"Similitud alta conservada: CAN0055 (secuencia=0.960, vocabulario=0.927, longitud=0.961)"
similitud,CAN0099,CLU006,Atlético Nacional,En el Cielo alentando está la Banda Inmortal,Barrabrava.net,https://barrabrava.net/atletico-nacional/los-del-sur/letra/en-el-cielo-alentando-esta-la-banda-inmortal/,CAN0102 | CAN0168,"Similitud alta conservada: CAN0102 (secuencia=0.885, vocabulario=0.706, longitud=1.000) | CAN0168 (secuencia=0.880, vocabulario=0.812, longitud=0.923)"
similitud,CAN0102,CLU006,Atlético Nacional,La banda Inmortal,Barrabrava.net,https://barrabrava.net/atletico-nacional/los-del-sur/letra/la-banda-inmortal/,CAN0099,"Similitud alta conservada: CAN0099 (secuencia=0.885, vocabulario=0.706, longitud=1.000)"
similitud,CAN0121,CLU006,Atlético Nacional,Tus eres mi equipo del alma,Barrabrava.net,https://barrabrava.net/atletico-nacional/los-del-sur/letra/tus-eres-mi-equipo-del-alma/,CAN0151,"Similitud alta conservada: CAN0151 (secuencia=0.989, vocabulario=1.000, longitud=1.000)"
similitud,CAN0126,CLU006,Atlético Nacional,Verde vos sos la alegría del mundo entero,Barrabrava.net,https://barrabrava.net/atletico-nacional/los-del-sur/letra/verde-vos-sos-la-alegria-del-mundo-entero/,CAN0128,"Similitud alta conservada: CAN0128 (secuencia=0.891, vocabulario=0.783, longitud=1.000)"
similitud,CAN0128,CLU006,Atlético Nacional,Acá Estoy de Nuevo,FanChants,https://www.fanchants.com/es/football-songs/atletico-nacional-chants/atlctico-nacional-chant-5-an/,CAN0126,"Similitud alta conservada: CAN0126 (secuencia=0.891, vocabulario=0.783, longitud=1.000)"
asociación con club,CAN0141,CLU006,Atlético Nacional,Oh No Les Da Verguenza,FanChants,https://www.fanchants.com/es/football-songs/atletico-nacional-chants/atletico-nacional-chant-2-an/,,La descripción histórica de FanChants menciona Independiente Medellín aunque la página está alojada bajo Atlético Nacional.
asociación con club,CAN0147,CLU006,Atlético Nacional,Que Lo Vengan a Ver,FanChants,https://www.fanchants.com/es/football-songs/atletico-nacional-chants/atlctico-nacional-chant-21-an/,,La descripción histórica de FanChants menciona América de Cali aunque la página está alojada bajo Atlético Nacional.
similitud,CAN0151,CLU006,Atlético Nacional,Tu Eres Mi Equipo del Alma,FanChants,https://www.fanchants.com/es/football-songs/atletico-nacional-chants/atletico-nacional-chant-7-an/,CAN0121,"Similitud alta conservada: CAN0121 (secuencia=0.989, vocabulario=1.000, longitud=1.000)"
similitud,CAN0168,CLU006,Atlético Nacional,¡Vamos Nacional!,FanChants,https://www.fanchants.com/es/football-songs/atletico-nacional-chants/atlctico-nacional-chant-25-an/,CAN0099,"Similitud alta conservada: CAN0099 (secuencia=0.880, vocabulario=0.812, longitud=0.923)"
similitud,CAN0179,CLU009,Deportivo Cali,Cantare con todo el alma,Barrabrava.net,https://barrabrava.net/deportivo-cali/frente-radical-verdiblanco/letra/cantare-con-todo-el-alma/,CAN0192,"Similitud alta conservada: CAN0192 (secuencia=0.916, vocabulario=0.969, longitud=0.863)"
similitud,CAN0192,CLU009,Deportivo Cali,Daria la Vida,FanChants,https://www.fanchants.com/es/football-songs/deportivo-cali-chants/deportivo-cali-chant-1/,CAN0179,"Similitud alta conservada: CAN0179 (secuencia=0.916, vocabulario=0.969, longitud=0.863)"
similitud,CAN0281,CLU012,Deportes Tolima,Esta noche ganamos,Barrabrava.net,https://barrabrava.net/tolima/revolucion-vinotinto-sur/letra/esta-noche-ganamos/,CAN0305,"Similitud alta conservada: CAN0305 (secuencia=0.882, vocabulario=0.756, longitud=0.979)"
similitud,CAN0286,CLU012,Deportes Tolima,Queremos la copa,Barrabrava.net,https://barrabrava.net/tolima/revolucion-vinotinto-sur/letra/queremos-la-copa/,CAN0309,"Similitud alta conservada: CAN0309 (secuencia=0.906, vocabulario=0.844, longitud=1.000)"
similitud,CAN0288,CLU012,Deportes Tolima,Se me ha perdido el corazón,Barrabrava.net,https://barrabrava.net/tolima/revolucion-vinotinto-sur/letra/se-me-ha-perdido-el-corazon/,CAN0302,"Similitud alta conservada: CAN0302 (secuencia=0.931, vocabulario=0.881, longitud=0.980)"
similitud,CAN0290,CLU012,Deportes Tolima,"Soy Del Vinotinto, Si Señor",Barrabrava.net,https://barrabrava.net/tolima/revolucion-vinotinto-sur/letra/soy-del-vinotinto-si-senor/,CAN0311,"Similitud alta conservada: CAN0311 (secuencia=0.974, vocabulario=0.971, longitud=1.000)"
similitud,CAN0292,CLU012,Deportes Tolima,Toda la Vida Yo Te Voy a Querer,Barrabrava.net,https://barrabrava.net/tolima/revolucion-vinotinto-sur/letra/toda-la-vida-yo-te-voy-a-querer/,CAN0299,"Similitud alta conservada: CAN0299 (secuencia=0.924, vocabulario=0.917, longitud=0.941)"
similitud,CAN0299,CLU012,Deportes Tolima,A Todos Lados,FanChants,https://www.fanchants.com/es/football-songs/deportes-tolima-chants/everywhere-5/,CAN0292,"Similitud alta conservada: CAN0292 (secuencia=0.924, vocabulario=0.917, longitud=0.941)"
similitud,CAN0302,CLU012,Deportes Tolima,Desde Pequeño,FanChants,https://www.fanchants.com/es/football-songs/deportes-tolima-chants/the-main-group/,CAN0288,"Similitud alta conservada: CAN0288 (secuencia=0.931, vocabulario=0.881, longitud=0.980)"
similitud,CAN0305,CLU012,Deportes Tolima,Esta Noche Ganamos,FanChants,https://www.fanchants.com/es/football-songs/deportes-tolima-chants/tonight-we-win/,CAN0281,"Similitud alta conservada: CAN0281 (secuencia=0.882, vocabulario=0.756, longitud=0.979)"
similitud,CAN0309,CLU012,Deportes Tolima,Queremos la Copa,FanChants,https://www.fanchants.com/es/football-songs/deportes-tolima-chants/2-100/,CAN0286,"Similitud alta conservada: CAN0286 (secuencia=0.906, vocabulario=0.844, longitud=1.000)"
similitud,CAN0311,CLU012,Deportes Tolima,Soy del Vinotinto y Oro,FanChants,https://www.fanchants.com/es/football-songs/deportes-tolima-chants/im-made-of-red-wine/,CAN0290,"Similitud alta conservada: CAN0290 (secuencia=0.974, vocabulario=0.971, longitud=1.000)"
similitud,CAN0317,CLU014,Independiente Santa Fe,Albi Rojo soy,Barrabrava.net,https://barrabrava.net/independiente-santa-fe/la-guardia-albi-roja-sur/letra/albi-rojo-soy/,CAN0409,"Duplicado exacto también localizado en Barrabrava.net: https://barrabrava.net/independiente-santa-fe/la-guardia-albi-roja-sur/letra/albirojo-soy/; Similitud alta conservada: CAN0409 (secuencia=0.978, vocabulario=0.941, longitud=0.957)"
similitud,CAN0320,CLU014,Independiente Santa Fe,Cada dia te quiero mas,Barrabrava.net,https://barrabrava.net/independiente-santa-fe/la-guardia-albi-roja-sur/letra/cada-dia-te-quiero-mas/,CAN0406,"Similitud alta conservada: CAN0406 (secuencia=0.920, vocabulario=0.810, longitud=1.000)"
similitud,CAN0327,CLU014,Independiente Santa Fe,Dicen que estamos locos de la cabeza,Barrabrava.net,https://barrabrava.net/independiente-santa-fe/la-guardia-albi-roja-sur/letra/dicen-que-estamos-locos-de-la-cabeza/,CAN0419,"Similitud alta conservada: CAN0419 (secuencia=0.963, vocabulario=0.900, longitud=0.976)"
similitud,CAN0333,CLU014,Independiente Santa Fe,El Rojo Es La Locura,Barrabrava.net,https://barrabrava.net/independiente-santa-fe/la-guardia-albi-roja-sur/letra/el-rojo-es-la-locura/,CAN0417,"Similitud alta conservada: CAN0417 (secuencia=0.915, vocabulario=0.944, longitud=1.000)"
similitud,CAN0336,CLU014,Independiente Santa Fe,Eres una enfermedad de la que no quiero curarme,Barrabrava.net,https://barrabrava.net/independiente-santa-fe/la-guardia-albi-roja-sur/letra/eres-una-enfermedad-de-la-que-no-quiero-curarme/,CAN0352,"Similitud alta conservada: CAN0352 (secuencia=0.937, vocabulario=0.745, longitud=0.994)"
similitud,CAN0338,CLU014,Independiente Santa Fe,Esta es la banda loca descontrolada,Barrabrava.net,https://barrabrava.net/independiente-santa-fe/la-guardia-albi-roja-sur/letra/esta-es-la-banda-loca-descontrolada/,CAN0416,"Similitud alta conservada: CAN0416 (secuencia=0.986, vocabulario=0.963, longitud=0.973)"
similitud,CAN0342,CLU014,Independiente Santa Fe,Hay una cosa que solo le pido a dios,Barrabrava.net,https://barrabrava.net/independiente-santa-fe/la-guardia-albi-roja-sur/letra/hay-una-cosa-que-solo-le-pido-a-dios/,CAN0358,"Similitud alta conservada: CAN0358 (secuencia=0.976, vocabulario=0.946, longitud=1.000)"
similitud,CAN0349,CLU014,Independiente Santa Fe,Las gayinas son asi,Barrabrava.net,https://barrabrava.net/independiente-santa-fe/la-guardia-albi-roja-sur/letra/las-gayinas-son-asi/,CAN0404,"Similitud alta conservada: CAN0404 (secuencia=0.967, vocabulario=0.926, longitud=1.000)"
similitud,CAN0351,CLU014,Independiente Santa Fe,Llenamos la popular y nos mandamos en avalancha,Barrabrava.net,https://barrabrava.net/independiente-santa-fe/la-guardia-albi-roja-sur/letra/llenamos-la-popular-y-nos-mandamos-en-avalancha/,CAN0353,"Similitud alta conservada: CAN0353 (secuencia=0.853, vocabulario=0.800, longitud=0.986)"
similitud,CAN0352,CLU014,Independiente Santa Fe,Loquito por ti,Barrabrava.net,https://barrabrava.net/independiente-santa-fe/la-guardia-albi-roja-sur/letra/loquito-por-ti/,CAN0336,"Similitud alta conservada: CAN0336 (secuencia=0.937, vocabulario=0.745, longitud=0.994)"
similitud,CAN0353,CLU014,Independiente Santa Fe,Los domingos despues de almorzar,Barrabrava.net,https://barrabrava.net/independiente-santa-fe/la-guardia-albi-roja-sur/letra/los-domingos-despues-de-almorzar/,CAN0351,"Similitud alta conservada: CAN0351 (secuencia=0.853, vocabulario=0.800, longitud=0.986)"
similitud,CAN0358,CLU014,Independiente Santa Fe,Muchas veces fui preso por Santa fe,Barrabrava.net,https://barrabrava.net/independiente-santa-fe/la-guardia-albi-roja-sur/letra/muchas-veces-fui-preso-por-santa-fe/,CAN0342,"Duplicado exacto también localizado en Barrabrava.net: https://barrabrava.net/independiente-santa-fe/la-guardia-albi-roja-sur/letra/tambien-llore/; Similitud alta conservada: CAN0342 (secuencia=0.976, vocabulario=0.946, longitud=1.000)"
similitud,CAN0359,CLU014,Independiente Santa Fe,Ni la muerte nos va separar,Barrabrava.net,https://barrabrava.net/independiente-santa-fe/la-guardia-albi-roja-sur/letra/ni-la-muerte-nos-va-separar/,CAN0392,"Similitud alta conservada: CAN0392 (secuencia=0.843, vocabulario=0.925, longitud=0.889)"
similitud,CAN0363,CLU014,Independiente Santa Fe,Pediré la luna yo te la dare,Barrabrava.net,https://barrabrava.net/independiente-santa-fe/la-guardia-albi-roja-sur/letra/pedire-la-luna-yo-te-la-dare/,CAN0425,"Similitud alta conservada: CAN0425 (secuencia=0.984, vocabulario=0.955, longitud=0.969)"
similitud,CAN0365,CLU014,Independiente Santa Fe,Por qué será,Barrabrava.net,https://barrabrava.net/independiente-santa-fe/la-guardia-albi-roja-sur/letra/por-que-sera/,CAN0426,"Similitud alta conservada: CAN0426 (secuencia=0.974, vocabulario=0.966, longitud=0.950)"
similitud,CAN0367,CLU014,Independiente Santa Fe,Porque Santa Fe es toda mi vida entera,Barrabrava.net,https://barrabrava.net/independiente-santa-fe/la-guardia-albi-roja-sur/letra/porque-santa-fe-es-toda-mi-vida-entera/,CAN0387,"Similitud alta conservada: CAN0387 (secuencia=0.984, vocabulario=0.966, longitud=1.000)"
similitud,CAN0377,CLU014,Independiente Santa Fe,Ser albirrojo es un honor una pasión,Barrabrava.net,https://barrabrava.net/independiente-santa-fe/la-guardia-albi-roja-sur/letra/ser-albirrojo-es-un-honor-una-pasion/,CAN0436,"Similitud alta conservada: CAN0436 (secuencia=0.993, vocabulario=0.978, longitud=0.986)"
similitud,CAN0379,CLU014,Independiente Santa Fe,Señores soy del león del expreso bogotano,Barrabrava.net,https://barrabrava.net/independiente-santa-fe/la-guardia-albi-roja-sur/letra/senores-soy-del-leon-del-expreso-bogotano/,CAN0431,"Similitud alta conservada: CAN0431 (secuencia=0.943, vocabulario=0.927, longitud=1.000)"
similitud,CAN0380,CLU014,Independiente Santa Fe,Señores yo dejo todo,Barrabrava.net,https://barrabrava.net/independiente-santa-fe/la-guardia-albi-roja-sur/letra/senores-yo-dejo-todo/,CAN0418,"Similitud alta conservada: CAN0418 (secuencia=0.955, vocabulario=0.931, longitud=0.971)"
similitud,CAN0387,CLU014,Independiente Santa Fe,Soy Adicto al Leon,Barrabrava.net,https://barrabrava.net/independiente-santa-fe/la-guardia-albi-roja-sur/letra/soy-adicto-al-leon/,CAN0367,"Similitud alta conservada: CAN0367 (secuencia=0.984, vocabulario=0.966, longitud=1.000)"
similitud,CAN0391,CLU014,Independiente Santa Fe,"También lloré, y muchas veces fui preso por Santa Fe",Barrabrava.net,https://barrabrava.net/independiente-santa-fe/la-guardia-albi-roja-sur/letra/tambien-llore-y-muchas-veces-fui-preso-por-santa-fe/,CAN0414,"Similitud alta conservada: CAN0414 (secuencia=0.867, vocabulario=0.970, longitud=0.989)"
similitud,CAN0392,CLU014,Independiente Santa Fe,Te llevamos en el corazon,Barrabrava.net,https://barrabrava.net/independiente-santa-fe/la-guardia-albi-roja-sur/letra/te-llevamos-en-el-corazon/,CAN0359,"Similitud alta conservada: CAN0359 (secuencia=0.843, vocabulario=0.925, longitud=0.889)"
similitud,CAN0394,CLU014,Independiente Santa Fe,Todos los domingos llega al Nemesio,Barrabrava.net,https://barrabrava.net/independiente-santa-fe/la-guardia-albi-roja-sur/letra/todos-los-domingos-llega-al-nemesio/,CAN0433,"Similitud alta conservada: CAN0433 (secuencia=0.979, vocabulario=0.984, longitud=1.000)"
similitud,CAN0404,CLU014,Independiente Santa Fe,Yo soy del rojo señor,Barrabrava.net,https://barrabrava.net/independiente-santa-fe/la-guardia-albi-roja-sur/letra/yo-soy-del-rojo-senor/,CAN0349,"Similitud alta conservada: CAN0349 (secuencia=0.967, vocabulario=0.926, longitud=1.000)"
similitud,CAN0406,CLU014,Independiente Santa Fe,Yo te amo,Barrabrava.net,https://barrabrava.net/independiente-santa-fe/la-guardia-albi-roja-sur/letra/yo-te-amo/,CAN0320,"Similitud alta conservada: CAN0320 (secuencia=0.920, vocabulario=0.810, longitud=1.000)"
similitud,CAN0408,CLU014,Independiente Santa Fe,"¡Vamos Rojo, vamos!",Barrabrava.net,https://barrabrava.net/independiente-santa-fe/la-guardia-albi-roja-sur/letra/vamos-rojo-vamos/,CAN0439,"Similitud alta conservada: CAN0439 (secuencia=0.971, vocabulario=0.903, longitud=0.981)"
similitud,CAN0409,CLU014,Independiente Santa Fe,Albirojo Soy con la Guardia a Todos Lados Voy,FanChants,https://www.fanchants.com/es/football-songs/club-santa-fe-chants/santa-fe-chant-4/,CAN0317,"Similitud alta conservada: CAN0317 (secuencia=0.978, vocabulario=0.941, longitud=0.957)"
similitud,CAN0414,CLU014,Independiente Santa Fe,Hasta el Cajón,FanChants,https://www.fanchants.com/es/football-songs/club-santa-fe-chants/santa-fe-chant-7/,CAN0391,"Similitud alta conservada: CAN0391 (secuencia=0.867, vocabulario=0.970, longitud=0.989)"
similitud,CAN0416,CLU014,Independiente Santa Fe,La Banda Loca Descontrolada,FanChants,https://www.fanchants.com/es/football-songs/club-santa-fe-chants/this-is-the-crazy-gang/,CAN0338,"Similitud alta conservada: CAN0338 (secuencia=0.986, vocabulario=0.963, longitud=0.973)"
similitud,CAN0417,CLU014,Independiente Santa Fe,La Gloria No Se Fue de Santa Fe,FanChants,https://www.fanchants.com/es/football-songs/club-santa-fe-chants/heart-20/,CAN0333,"Similitud alta conservada: CAN0333 (secuencia=0.915, vocabulario=0.944, longitud=1.000)"
similitud,CAN0418,CLU014,Independiente Santa Fe,Me Voy a Ver al Rojo,FanChants,https://www.fanchants.com/es/football-songs/club-santa-fe-chants/can-we-leave-champions/,CAN0380,"Similitud alta conservada: CAN0380 (secuencia=0.955, vocabulario=0.931, longitud=0.971)"
similitud,CAN0419,CLU014,Independiente Santa Fe,Oh Santa Fe,FanChants,https://www.fanchants.com/es/football-songs/club-santa-fe-chants/oh-santa-fe/,CAN0327,"Similitud alta conservada: CAN0327 (secuencia=0.963, vocabulario=0.900, longitud=0.976)"
similitud,CAN0425,CLU014,Independiente Santa Fe,Pideme la Luna v2,FanChants,https://www.fanchants.com/es/football-songs/club-santa-fe-chants/santa-fe-chant-10/,CAN0363,"Similitud alta conservada: CAN0363 (secuencia=0.984, vocabulario=0.955, longitud=0.969)"
similitud,CAN0426,CLU014,Independiente Santa Fe,Por Qué Será,FanChants,https://www.fanchants.com/es/football-songs/club-santa-fe-chants/passion-9/,CAN0365,"Similitud alta conservada: CAN0365 (secuencia=0.974, vocabulario=0.966, longitud=0.950)"
similitud,CAN0431,CLU014,Independiente Santa Fe,Soy del Rojo el Expreso Bogotano,FanChants,https://www.fanchants.com/es/football-songs/club-santa-fe-chants/santa-fe-chant-2/,CAN0379,"Similitud alta conservada: CAN0379 (secuencia=0.943, vocabulario=0.927, longitud=1.000)"
similitud,CAN0433,CLU014,Independiente Santa Fe,Todo los Domingos Llega al Nemesio,FanChants,https://www.fanchants.com/es/football-songs/club-santa-fe-chants/santa-fe-chant-1/,CAN0394,"Similitud alta conservada: CAN0394 (secuencia=0.979, vocabulario=0.984, longitud=1.000)"
similitud,CAN0436,CLU014,Independiente Santa Fe,¡Vamos Albirrojo!,FanChants,https://www.fanchants.com/es/football-songs/club-santa-fe-chants/come-on-come-on-15/,CAN0377,"Similitud alta conservada: CAN0377 (secuencia=0.993, vocabulario=0.978, longitud=0.986)"
similitud,CAN0439,CLU014,Independiente Santa Fe,"¡Vamos Rojo, Vamos!",FanChants,https://www.fanchants.com/es/football-songs/club-santa-fe-chants/come-on-56/,CAN0408,"Similitud alta conservada: CAN0408 (secuencia=0.971, vocabulario=0.903, longitud=0.981)"
similitud,CAN0465,CLU017,Junior de Barranquilla,El carnaval del Kuervo,Barrabrava.net,https://barrabrava.net/junior-de-barranquilla/la-banda-de-los-kuervos/letra/el-carnaval-del-kuervo/,CAN0482,"Similitud alta conservada: CAN0482 (secuencia=0.922, vocabulario=0.914, longitud=0.905)"
similitud,CAN0482,CLU017,Junior de Barranquilla,Todo el mundo sabe que estamos enfermos,Barrabrava.net,https://barrabrava.net/junior-de-barranquilla/la-banda-de-los-kuervos/letra/todo-el-mundo-sabe-que-estamos-enfermos/,CAN0465,"Similitud alta conservada: CAN0465 (secuencia=0.922, vocabulario=0.914, longitud=0.905)"
similitud,CAN0520,CLU019,Millonarios,Señores yo soy de millos y tengo aguante,Barrabrava.net,https://barrabrava.net/millonarios/blue-rain/letra/senores-yo-soy-de-millos-y-tengo-aguante/,CAN0521,"Similitud alta conservada: CAN0521 (secuencia=0.824, vocabulario=0.853, longitud=0.977)"
similitud,CAN0521,CLU019,Millonarios,Señores yo soy de millos y tengo aguante,Barrabrava.net,https://barrabrava.net/millonarios/comandos-azules/letra/senores-yo-soy-de-millos-y-tengo-aguante/,CAN0520,"Similitud alta conservada: CAN0520 (secuencia=0.824, vocabulario=0.853, longitud=0.977)"
similitud,CAN0560,CLU019,Millonarios FC,Volveremos,FanChants,https://www.fanchants.com/es/football-songs/millonarios-futbol-club-chants/band-mfc/,CAN0561,"Similitud alta conservada: CAN0561 (secuencia=0.929, vocabulario=0.909, longitud=1.000)"
similitud,CAN0561,CLU019,Millonarios FC,Volveremos a la Cancha,FanChants,https://www.fanchants.com/es/football-songs/millonarios-futbol-club-chants/well-come-back-well-come-back-mfc/,CAN0560,"Similitud alta conservada: CAN0560 (secuencia=0.929, vocabulario=0.909, longitud=1.000)"
