club_id,nombre_oficial,nombre_corto,ciudad_sede,departamento,region,anio_fundacion,estadio_principal,participa_liga_a_2026,titulos_liga_hasta_2026_I,subcampeonatos_liga_hasta_2026_I,periodo_rendimiento,torneos_disputados_periodo,clasificaciones_fase_final_periodo,tasa_clasificacion,promedio_asistencia_2025,partidos_con_dato_asistencia,nombre_en_fuente_asistencia,instagram_oficial,seguidores_instagram,seguidores_instagram_texto_fuente,precision_seguidores,fecha_corte_seguidores,fuente_instagram,ref_universo,ref_palmares,ref_rendimiento,ref_asistencia,ref_instagram,observaciones_datos_club
CLU001,Águilas Doradas,Águilas Doradas,Rionegro,Antioquia,Andina,1991,Estadio Alberto Grisales,Sí,0,0,2021-II a 2026-I,10,3,0.3,1821,19,Águilas Doradas,@aguilasdoradasr,90000,90K,Aproximado: Instagram muestra una cifra abreviada,2026-09-01,https://www.instagram.com/aguilasdoradasr/,REF001,REF002; REF003; REF004,REF005; REF006; REF007; REF008; REF009; REF010; REF011; REF012; REF013; REF014,REF015,REF021,
CLU002,Alianza Fútbol Club,Alianza Valledupar,Valledupar,Cesar,Caribe,2024,Estadio Armando Maestre Pavajeau,Sí,0,0,2021-II a 2026-I,10,2,0.2,4650,20,Alianza Petrolera,@alianzafc.official,44000,44K,Aproximado: Instagram muestra una cifra abreviada,2026-09-01,https://www.instagram.com/alianzafc.official/,REF001; REF020; REF071,REF002; REF003; REF004,REF005; REF006; REF007; REF008; REF009; REF010; REF011; REF012; REF013; REF014,REF015,REF022,"Se incluye el repertorio publicado como Alianza Petrolera dentro de CLU002, pero equipo_mencionado_fuente conserva ese nombre histórico. DIMAYOR aprobó el traslado de Alianza F.C. a Valledupar el 24 de enero de 2024 y la ficha actual registra a Alianza Valledupar FC como fundado el 16 de enero de 2024. No se encontraron cánticos publicados bajo el nombre actual en esta etapa."
CLU003,América de Cali,América de Cali,Cali,Valle del Cauca,Pacífica,1927,Estadio Olímpico Pascual Guerrero,Sí,15,7,2021-II a 2026-I,10,8,0.8,8689,23,América de Cali,@americadecali,929000,929K,Aproximado: Instagram muestra una cifra abreviada,2026-09-01,https://www.instagram.com/americadecali/,REF001,REF002; REF003; REF004,REF005; REF006; REF007; REF008; REF009; REF010; REF011; REF012; REF013; REF014,REF015,REF023,
CLU004,Asociación Deportivo Pasto,Deportivo Pasto,Pasto,Nariño,Pacífica,1949,Estadio Departamental Libertad,Sí,1,3,2021-II a 2026-I,10,4,0.4,4975,20,Deportivo Pasto,@deportivopastooficial,75000,75K,Aproximado: Instagram muestra una cifra abreviada,2026-09-01,https://www.instagram.com/deportivopastooficial/,REF001,REF002; REF003; REF004,REF005; REF006; REF007; REF008; REF009; REF010; REF011; REF012; REF013; REF014,REF015,REF024,
CLU005,Club Atlético Bucaramanga,Atlético Bucaramanga,Bucaramanga,Santander,Andina,1949,Estadio Américo Montanini,Sí,1,1,2021-II a 2026-I,10,3,0.3,13045,22,Atlético Bucaramanga,@bucaramangaoficial,300000,300K,Aproximado: Instagram muestra una cifra abreviada,2026-09-01,https://www.instagram.com/bucaramangaoficial/,REF001,REF002; REF003; REF004,REF005; REF006; REF007; REF008; REF009; REF010; REF011; REF012; REF013; REF014,REF015,REF025,
CLU006,Atlético Nacional,Atlético Nacional,Medellín,Antioquia,Andina,1947,Estadio Atanasio Girardot,Sí,18,13,2021-II a 2026-I,10,8,0.8,29701,26,Atlético Nacional,@nacionaloficial,2000000,2M,Aproximado: Instagram muestra una cifra abreviada,2026-09-01,https://www.instagram.com/nacionaloficial/,REF001,REF002; REF003; REF004,REF005; REF006; REF007; REF008; REF009; REF010; REF011; REF012; REF013; REF014,REF015,REF026,
CLU007,Boyacá Chicó Fútbol Club,Boyacá Chicó,Tunja,Boyacá,Andina,2002,Estadio La Independencia,Sí,1,0,2021-II a 2026-I,7,1,0.14285714285714285,1600,20,Boyacá Chicó,@boyacachico_oficial,46000,46K,Aproximado: Instagram muestra una cifra abreviada,2026-09-01,https://www.instagram.com/boyacachico_oficial/,REF001,REF002; REF003; REF004,REF005; REF006; REF007; REF008; REF009; REF010; REF011; REF012; REF013; REF014,REF015,REF027,
CLU008,Cúcuta Deportivo Fútbol Club,Cúcuta Deportivo,Cúcuta,Norte de Santander,Andina,1924,Estadio General Santander,Sí,1,1,2021-II a 2026-I,1,0,0.0,,0,No disputó Primera A 2025,@cucutaoficial,140000,140K,Aproximado: Instagram muestra una cifra abreviada,2026-09-01,https://www.instagram.com/cucutaoficial/,REF001,REF002; REF003; REF004,REF005; REF006; REF007; REF008; REF009; REF010; REF011; REF012; REF013; REF014,REF015,REF028,Sin promedio de asistencia: no disputó Primera A en 2025; cero partidos con dato no significa asistencia cero.
CLU009,Asociación Deportivo Cali,Deportivo Cali,Cali,Valle del Cauca,Pacífica,1912,Estadio Deportivo Cali (Palmira),Sí,10,14,2021-II a 2026-I,10,2,0.2,21393,19,Deportivo Cali,@deportivocalioficial,475000,475K,Aproximado: Instagram muestra una cifra abreviada,2026-09-01,https://www.instagram.com/deportivocalioficial/,REF001,REF002; REF003; REF004,REF005; REF006; REF007; REF008; REF009; REF010; REF011; REF012; REF013; REF014,REF015,REF029,
CLU010,Deportivo Independiente Medellín,Independiente Medellín,Medellín,Antioquia,Andina,1913,Estadio Atanasio Girardot,Sí,6,13,2021-II a 2026-I,10,6,0.6,25194,26,Independiente Medellín,@dimoficialcom,437000,437K,Aproximado: Instagram muestra una cifra abreviada,2026-09-01,https://www.instagram.com/dimoficialcom/,REF001,REF002; REF003; REF004,REF005; REF006; REF007; REF008; REF009; REF010; REF011; REF012; REF013; REF014,REF015,REF030,
CLU011,Deportivo Pereira Fútbol Club,Deportivo Pereira,Pereira,Risaralda,Andina,1944,Estadio Hernán Ramírez Villegas,Sí,1,0,2021-II a 2026-I,10,3,0.3,13100,20,Deportivo Pereira,@corpereira,174000,174K,Aproximado: Instagram muestra una cifra abreviada,2026-09-01,https://www.instagram.com/corpereira/,REF001,REF002; REF003; REF004,REF005; REF006; REF007; REF008; REF009; REF010; REF011; REF012; REF013; REF014,REF015,REF031,
CLU012,Deportes Tolima,Deportes Tolima,Ibagué,Tolima,Andina,1954,Estadio Manuel Murillo Toro,Sí,3,10,2021-II a 2026-I,10,8,0.8,9410,27,Deportes Tolima,@cdtolima,190000,190K,Aproximado: Instagram muestra una cifra abreviada,2026-09-01,https://www.instagram.com/cdtolima/,REF001,REF002; REF003; REF004,REF005; REF006; REF007; REF008; REF009; REF010; REF011; REF012; REF013; REF014,REF015,REF032,
CLU013,Fortaleza CEIF,Fortaleza CEIF,Bogotá,Bogotá D. C.,Andina,2010,Estadio Metropolitano de Techo,Sí,0,0,2021-II a 2026-I,5,1,0.2,4075,23,Fortaleza FC,@fortaleza_ceif,169000,169K,Aproximado: Instagram muestra una cifra abreviada,2026-09-01,https://www.instagram.com/fortaleza_ceif/,REF001,REF002; REF003; REF004,REF005; REF006; REF007; REF008; REF009; REF010; REF011; REF012; REF013; REF014,REF015,REF033,
CLU014,Independiente Santa Fe,Independiente Santa Fe,Bogotá,Bogotá D. C.,Andina,1941,Estadio Nemesio Camacho El Campín,Sí,10,7,2021-II a 2026-I,10,6,0.6,17260,27,Independiente Santa Fe,@santafe_oficial,357000,357K,Aproximado: Instagram muestra una cifra abreviada,2026-09-01,https://www.instagram.com/santafe_oficial/,REF001,REF002; REF003; REF004,REF005; REF006; REF007; REF008; REF009; REF010; REF011; REF012; REF013; REF014,REF015,REF034,
CLU015,Internacional de Bogotá,Internacional de Bogotá,Bogotá,Bogotá D. C.,Andina,1982,Estadio Metropolitano de Techo,Sí,0,3,2021-II a 2026-I,10,3,0.3,4285,20,La Equidad,@interbogotaoficial,150000,150K,Aproximado: Instagram muestra una cifra abreviada,2026-09-01,https://www.instagram.com/interbogotaoficial/,REF001; REF016; REF075,REF002; REF003; REF004,REF005; REF006; REF007; REF008; REF009; REF010; REF011; REF012; REF013; REF014,REF015,REF035,"Se incluye el repertorio publicado como La Equidad dentro de CLU015, pero equipo_mencionado_fuente conserva ese nombre histórico. El club anunció el 10 de diciembre de 2025 que Club Deportivo La Equidad pasó a llamarse Internacional de Bogotá después del cambio de propietarios e identidad. No se encontraron cánticos publicados bajo el nombre actual en esta etapa."
CLU016,Jaguares de Córdoba Fútbol Club,Jaguares de Córdoba,Montería,Córdoba,Caribe,2012,Estadio Jaraguay,Sí,0,0,2021-II a 2026-I,8,0,0.0,,0,No disputó Primera A 2025,@jaguaresfc,89000,89K,Aproximado: Instagram muestra una cifra abreviada,2026-09-01,https://www.instagram.com/jaguaresfc/,REF001,REF002; REF003; REF004,REF005; REF006; REF007; REF008; REF009; REF010; REF011; REF012; REF013; REF014,REF015,REF036,Sin promedio de asistencia: no disputó Primera A en 2025; cero partidos con dato no significa asistencia cero.
CLU017,Club Deportivo Popular Junior F. C. S. A.,Junior FC,Barranquilla,Atlántico,Caribe,1924,Estadio Metropolitano Roberto Meléndez,Sí,12,10,2021-II a 2026-I,10,9,0.9,16118,27,Junior,@juniorclubsa,1000000,1M,Aproximado: Instagram muestra una cifra abreviada,2026-09-01,https://www.instagram.com/juniorclubsa/,REF001,REF002; REF003; REF004,REF005; REF006; REF007; REF008; REF009; REF010; REF011; REF012; REF013; REF014,REF015,REF037,
CLU018,Llaneros Fútbol Club,Llaneros FC,Villavicencio,Meta,Orinoquía,2012,Estadio Bello Horizonte Rey Pelé,Sí,0,0,2021-II a 2026-I,3,0,0.0,5458,19,Llaneros,@clubllanerosfc,74000,74K,Aproximado: Instagram muestra una cifra abreviada,2026-09-01,https://www.instagram.com/clubllanerosfc/,REF001,REF002; REF003; REF004,REF005; REF006; REF007; REF008; REF009; REF010; REF011; REF012; REF013; REF014,REF015,REF038,
CLU019,Millonarios Fútbol Club,Millonarios FC,Bogotá,Bogotá D. C.,Andina,1946,Estadio Nemesio Camacho El Campín,Sí,16,10,2021-II a 2026-I,10,8,0.8,23395,23,Millonarios,@millosfcoficial,932000,932K,Aproximado: Instagram muestra una cifra abreviada,2026-09-01,https://www.instagram.com/millosfcoficial/,REF001,REF002; REF003; REF004,REF005; REF006; REF007; REF008; REF009; REF010; REF011; REF012; REF013; REF014,REF015,REF039,
CLU020,Once Caldas S. A.,Once Caldas,Manizales,Caldas,Andina,1961,Estadio Palogrande,Sí,4,2,2021-II a 2026-I,10,4,0.4,13486,23,Once Caldas,@oncecaldasoficial,180000,180K,Aproximado: Instagram muestra una cifra abreviada,2026-09-01,https://www.instagram.com/oncecaldasoficial/,REF001,REF002; REF003; REF004,REF005; REF006; REF007; REF008; REF009; REF010; REF011; REF012; REF013; REF014,REF015,REF040,
